sample,Ct1S0pp,Ct1S0np,Ct1S0nn,Ct3S1,C1S0,C3P0,C1P1,C3P1,C3S1,CE1,C3P2,c1,c2,c3,c4,cD,cE,E_parent,E_daughter,GT,F,T,M0nu,E_parent_HF,E_daughter_HF,GT_HF,F_HF,T_HF,M0nu_HF,E_parent_EMAX_4,E_daughter_EMAX_4,GT_EMAX_4,F_EMAX_4,T_EMAX_4,M0nu_EMAX_4,E_parent_EMAX_6,E_daughter_EMAX_6,GT_EMAX_6,F_EMAX_6,T_EMAX_6,M0nu_EMAX_6,E_parent_EMAX_8,E_daughter_EMAX_8,GT_EMAX_8,F_EMAX_8,T_EMAX_8,M0nu_EMAX_8,E_parent_EMAX_10,E_daughter_EMAX_10,GT_EMAX_10,F_EMAX_10,T_EMAX_10,M0nu_EMAX_10
0,-0.3486582755845685,-0.3307142075907514,-0.3446700876588422,-0.2258743721447768,2.3862666167479567,1.3168730489985927,-0.051662162938633,-1.2817256704474542,1.016956428894762,0.2233892532007839,-0.7582944730780465,-0.7314361225131955,-0.4881024039857536,-0.5446195322175595,1.1384590867023454,-1.539092069344392,0.1913314966629234,-530.46425657,-535.4809561,11.356607142538264,2.383689690874891,-0.7694907801964662,12.970806053216688,-171.51997881,-167.57662408,-3.0441294055599704,-0.447154907074314,-0.0083746546230008,-3.4996589672572855,-210.01913519,-208.89591891,10.61845174571726,2.178818881330212,-0.477136008987072,12.3201346180604,-352.39843328,-355.74884345,14.32919490999292,2.995050165753873,-0.8550365921418144,16.469208483604977,-451.73126422,-456.33709061,-13.154738881565605,-2.7667614110157586,0.8358510144775855,-15.085649278103778,-507.78360117,-512.63011338,11.980821744426136,2.5154496994668465,-0.7912345801223528,13.70503686377063
4,-0.3585261609612201,-0.3257252167601754,-0.3392391450760876,-0.2375367902818535,2.700538263937702,0.873246996671889,-0.0364938786961966,-1.2430207007850556,0.8580200496335267,0.5303949363090079,-0.9276962675203754,-0.757789978393413,-0.5090682271278095,-0.9915763481325828,1.0094250646363947,0.8075118663729113,-0.2520623699671899,-299.52646849,-302.62510823,-0.170357990720719,-0.10366790612083614,0.0724017776972164,-0.20162411914433875,-26.5810206,-25.54458224,0.1211805718054262,0.03682023235340182,0.007727423075367,0.16572822723419503,4.55800868,7.549142330000002,-0.5971252408680733,-0.11565251688114961,0.3906348236992222,-0.3221429340500007,-153.29368424,-155.19274183,-0.1952695467534154,-0.11073205474708953,0.0761396981207016,-0.22986190337980333,-234.33572119,-237.37574286,0.2381666489046672,0.13047798662829674,-0.0883078438893458,0.28033679164361813,-279.83995388,-283.07725944,-0.1885006978570826,-0.11177264336781648,0.0763288726058579,-0.22394446861904116
7,-0.3290122489899343,-0.3474499542431974,-0.3221355548105358,-0.2331342705505608,2.494721226720179,1.1843002174348276,0.1120834954141158,-0.8998943870319154,0.8815828066529255,0.5205727249575016,-0.9948682852470658,-0.7584507373606426,-0.4106415820130059,-0.4638453576827617,1.0212557569916194,-1.608968477390461,0.573866672238829,-981.61292982,-1003.23692538,7.021936811580505,0.7920349653446758,-0.5809696621302772,7.233002114794903,-605.82310916,-601.2065152299999,-1.4620133462417313,-0.07492992062729803,0.0319553269167251,-1.504987939952304,-524.4644866900001,-530.85066221,-4.68813139396314,-0.7077599653703187,0.1650345074945708,-5.230856851838888,-743.09020415,-757.62348548,-7.822114828294763,-1.4742490751111506,0.6748706052465748,-8.621493298159338,-867.08731277,-883.28455477,-6.363789945972832,-0.6970579289386992,0.5408114848304171,-6.520036390081114,-946.29817444,-966.17310888,6.852527686879272,0.7613728437513714,-0.5708816147065097,7.043018915924134
10,-0.3295015545896151,-0.3331492323221455,-0.3515223592747583,-0.2545388046507148,2.5655771931930405,0.707268712608164,-0.0601025874814376,-0.9959111767081888,0.761071661891724,0.6330251628592818,-0.7881601772878022,-0.7277174534593673,-0.2319718778595925,-0.6246132266053777,1.213730054070106,0.4856019787731569,0.1339199156157804,-1023.97841554,-1023.88218739,-2.048913251210556,-0.5256363748810821,0.713587932683403,-1.8609616934082354,-732.84751588,-722.2090295400001,0.2427965949819674,0.04484873100422128,-0.0035859599631502,0.2840593660230385,-723.9014947400001,-724.20459643,0.7438449983239349,0.3291905859557131,-0.0923426096016833,0.9806929746779647,-865.5252620900001,-864.15995175,1.2083797386086432,0.46463525138251616,-0.4048871723965848,1.2681278175945747,-959.06685751,-958.49849758,-1.6898321780545944,-0.51048517911851,0.5954976960834827,-1.6048196610896217,-1006.35365061,-1006.23525001,-1.9244650759021056,-0.5195505768654113,0.6686907748697276,-1.775324877897789
11,-0.3300584522346145,-0.346945884274239,-0.3481720308035234,-0.2309614509108257,2.6027864090245525,1.1182549513145752,0.1377116412823181,-1.213820663659745,0.5888958752533806,0.3442558093301326,-0.9299035102890758,-0.7433201109071499,-0.605756548756316,-0.8354476637722992,0.9328908457191916,0.2622438568340579,0.590036913282846,-557.28034639,-557.47540294,0.843911679910587,0.4196524381007547,-0.617036371186005,0.6465277468253368,-138.66513913,-130.15662479,0.5112848060770893,0.061810074355052695,0.0166721640486239,0.5897670444807659,-179.04942297,-172.33802944,-0.6394693488769905,-0.27128145807236653,0.1806265805700796,-0.7301242263792774,-337.516993,-336.11215119,-0.6878681577489866,-0.4635233332563901,0.5297763676213525,-0.6216151233840241,-459.30054064,-458.95116328,-0.6614373297859293,-0.46014194541907344,0.6102820994932379,-0.5112971757117648,-528.92589286,-528.84533179,0.7869585188703982,0.4358259213802496,-0.6219178761919113,0.6008665640587365
16,-0.3278492974418792,-0.3550367309847966,-0.328367751155846,-0.2159703826509446,2.314436371843688,1.4129454834735051,0.0542852108915425,-1.0354652385400738,0.5638114312671909,0.3360848606221539,-0.7833818528910661,-0.7265335904943029,-0.3438335172813283,-0.7992194089445993,0.8524830960676553,-0.0958464593602428,0.6982168944707428,-805.6301146999999,-822.9639459699999,6.5933770530968365,0.6706451712492154,-0.9446078960212128,6.319414328324839,-301.65077488,-295.74271993,-3.041513401476027,-0.09433365341643345,0.0824458110989279,-3.0534012437935325,-342.1263811,-344.6974069,-6.2744531752598505,-0.701061535912413,0.5744457336926071,-6.401068977479657,-528.1997183799999,-537.86596777,6.642107514074137,0.5897238232018909,-0.8640930639190358,6.367738273356992,-681.2837420999999,-694.87653654,-6.714403799782717,-0.6258026183152015,0.9389853021399976,-6.401221115957922,-768.69077979,-784.7159919999999,5.6982141298634765,0.6556526172824747,-0.9451264419684836,5.408740305177468
18,-0.3229312343937025,-0.3415034770497674,-0.3354391175497953,-0.2610588282178731,2.488726318990123,0.5197271314374972,0.1520776341601146,-1.177841974343762,0.951599929098148,0.5337028581869873,-0.891455733992116,-0.7006698769023011,-0.645743229103829,-0.7131649081437504,0.9428820288353188,0.6966154193196867,0.4751251999822999,-491.53035917,-493.25907627,-1.2849019287913002,-0.2769481616454906,0.4129607485399988,-1.1488893418967918,-186.89490166,-181.71002662,-0.0381426147514086,-0.031233111449685286,-0.0291575186321827,-0.09853324483327659,-216.70373722,-214.74713192,0.6335955340426098,0.1775022278516555,-0.1394817634406672,0.6716159984535981,-349.21684698,-350.43229736,-1.2644363194157369,-0.31003427639690867,0.3711624321381601,-1.2033081636744853,-433.13412219,-434.96848462,-1.310105456605778,-0.300593282877802,0.4078913940504705,-1.2028073454331094,-475.75832755,-477.46173105,1.3002835659845902,0.28331648415641336,-0.4104059812760395,1.173194068864964
19,-0.3406310653030874,-0.3494216566395463,-0.3428374549883865,-0.2550547646764678,2.455730154528955,0.3561319578458198,-0.126918436178764,-1.2317705649533843,1.048656993966592,0.4211060549603959,-0.6905557349041349,-0.7039393698159386,-0.4394735289759418,-0.6580412037833716,1.1186299861490294,-0.3183652932135474,0.044431338262879,-719.43536408,-726.36908435,3.436605389620468,0.509173560798169,-0.5853676313530267,3.3604113190656104,-428.25133221,-431.09524678,0.5886265009531163,0.07800619601295913,0.0713588988316525,0.7379915957977279,-452.33187086,-456.00382331,3.289665940773314,0.5834235599961286,-0.249262857863431,3.623826642906012,-570.1638833,-575.72896887,4.138009190584896,0.6516319723566159,-0.5434207686208473,4.246220394320664,-654.4095744,-661.00305051,3.831964189313792,0.5857903825852583,-0.5818581145234392,3.835896457375611,-700.52405792,-707.31845145,3.540459698223533,0.5310492711455151,-0.5772166292005859,3.494292340168462
20,-0.3457848932303091,-0.3425519615317169,-0.3383272263450776,-0.2248593564859887,2.4630357745236515,1.2312425986522348,-0.0090198998336228,-0.9247530509382128,0.8953453010708147,0.2865594869853431,-0.964131314252578,-0.7154853614484025,-0.36117244352006,-0.5666812964268294,0.9752377981010116,0.864183859230333,0.4866562663528611,-713.83876738,-718.72865855,6.473755822987148,1.0383654672568174,-0.9042352875669588,6.607886002677008,-300.2757595,-294.14341985,2.9493934494557554,0.34937470363885936,-0.0515333678984223,3.2472347851961922,-339.06575169,-336.89880846,-5.518339416450776,-0.9149473226272592,0.4191730425765949,-6.014113696501441,-495.62075678,-498.35281722,7.117468142289765,1.2032088938717904,-0.7935521145617178,7.527124921599838,-615.36351612,-619.55499541,6.857594396336722,1.1402522800279284,-0.8641368144422547,7.133709861922396,-684.5212296699999,-689.12140236,6.619970017155968,1.074733842484329,-0.8907203351969387,6.803983524443358
21,-0.3538730732320782,-0.3373476806691314,-0.3279602900333571,-0.2131097536223999,2.538786562863053,1.031333821941412,-0.1209691790888669,-1.0622740985030137,0.6524780800238672,0.3503798870487318,-0.9425639798173024,-0.6990421587214807,-0.3222010901851867,-0.5510032186750502,1.043441865770173,1.8253776151093928,0.3441732534656707,-660.32159573,-668.39030607,-3.175295376474273,-0.6265347779928797,0.8115881421865481,-2.9902420122806044,-263.95517837,-264.20713633,0.9411953610449124,0.13592671658741926,-0.0085903946426245,1.0685316829897071,-300.70368032,-303.03045456,-2.1604406194086416,-0.46103215573294964,0.2298227349817664,-2.3916500401598246,-447.51017216,-453.8423765600001,-2.926022911780492,-0.6321270287377139,0.5517066126528458,-3.0064433278653597,-563.59191996,-571.2651899,-2.964148559207816,-0.6240830891623921,0.6670626014823553,-2.9211690468878526,-631.38144874,-639.31422633,-3.0687933172280903,-0.6199110945142123,0.7483472187504296,-2.9403571929918733
22,-0.344221591954337,-0.3435364739639747,-0.333143101640352,-0.2536556842889544,2.210047768477259,1.4464279935819784,0.1989705404930199,-1.245417777141222,0.7121384943169159,0.503546257971709,-0.7620969802856553,-0.7388098058754258,-0.4590695127116515,-0.4204848886119569,1.1866470797514947,-1.874049115315852,-0.187909101321156,-1324.66293958,-1369.53053145,-20.73943136127798,-3.934002567822684,1.1235474621224957,-23.54988646697817,-792.09054598,-799.49300629,2.4323732925911705,0.2956865285002751,-0.1295137580115774,2.5985460630798682,-687.03955486,-695.757615,27.44159468636256,7.3917504651791655,-1.4870703001378105,33.34627485140392,-913.26366279,-936.03039097,-10.889419238983065,-2.2540323424160813,0.6551223483580897,-12.488329233041057,-1120.99281944,-1153.83437889,15.178982895889709,2.9593467551896815,-0.8625101327682929,17.275819518311096,-1253.52161906,-1293.7511452899998,-18.56281491953587,-3.5370774344644227,1.0151522733176623,-21.08474008068263
23,-0.3519233260506688,-0.3303117479884319,-0.3307581380665707,-0.2383505440241058,2.6204877368537254,0.5648665378906875,-0.0422332982729818,-1.3255957701239036,1.0411991280917214,0.265428092098512,-0.8543728411655346,-0.743157361508934,-0.2410918057642431,-0.6756201016390483,1.0900041078067362,0.0920200224585954,0.2430714296514602,-1016.1822722,-1026.35513418,-1.258522555300971,-0.2465183089253345,0.3920539967483226,-1.1129868674779828,-644.5752503900001,-649.37134281,0.2073905871789857,-0.003901631861236716,-0.0037691587833472,0.1997197965344018,-658.75738182,-662.2050293,-1.211549823544949,-1.3209435482786935,0.2774171622891856,-2.255076209534457,-778.70965573,-787.61804161,-0.9943753217946896,-0.21901833489694258,0.1858979503376109,-1.0274957063540213,-898.39262102,-907.97162492,1.0938867895209363,0.2273757054727959,-0.2754372200946415,1.0458252748990906,-976.8680383,-986.97611143,1.1641582567180362,0.23546222548420243,-0.3345091126409771,1.0651113695612615
24,-0.3380696680978361,-0.3500212879842987,-0.3487597918136876,-0.2514395642642915,2.333316026353041,1.3793660662588494,0.0206891804262213,-1.052080887345405,0.6147474603007591,0.5116338825514077,-0.8479026079660186,-0.7051356174375357,-0.693681162377715,-0.9239552618039256,0.9036629160764708,1.1348886113856154,-0.3706440794230241,-292.89125345,-293.22665112,1.4171013016301084,0.5715313943229725,-0.3505833887008044,1.6380493072522766,24.20499594,29.85151012,0.436246569258506,0.08044584476343909,0.0529530867226212,0.5696455007445663,76.85202299,82.53840431,1.3916219935178824,0.27902451846172255,-0.3741755914318824,1.2964709205477227,-128.84879701,-126.80188579,1.9647667202721557,0.6191476263702305,-0.4833732862122188,2.1005410604301673,-226.26835296,-226.34940854,1.740017177669575,0.6479385981550398,-0.433242141176444,1.954713634648171,-274.29851982,-274.62967921,-0.1885006978570826,-0.5913457879158771,0.3768278771163445,-0.40301860865661515
25,-0.3328488569228836,-0.3329301761815431,-0.3217197784321592,-0.2454766915073091,2.6703413424322626,1.144889742060443,0.1490647337886033,-0.8697554424216073,1.04439965725958,0.3826220908723884,-1.0001830037246255,-0.7310660239812676,-0.2579074878347631,-0.6463970545111857,1.0484090743670789,1.875273497658268,0.4002109443336347,-650.70961259,-655.31401022,-0.4192858276023719,-0.10731145833533401,0.1941551619558165,-0.33244212398188944,-271.53812108,-270.41065254,-0.1427554690083597,-0.021900435915454278,0.0152945496737494,-0.14936135525006458,-293.6470918,-292.7595894,0.056941226921934,0.029003302893500216,-0.0392036327855986,0.04674089702983561,-449.65362914,-453.52924149,0.5567159313779203,0.14573006343191247,-0.18729201846975,0.5151539763400828,-555.97200495,-560.69871396,0.4876505479908995,0.1318144678580299,-0.1957332304555768,0.42373178539335266,-620.85412424,-625.51231337,-0.4276058037562315,-0.11270432880978845,0.1889094827214558,-0.3514006498445641
27,-0.3350157345221823,-0.3524109353277231,-0.3206347901010661,-0.2623134168026725,2.437944842381785,0.6991769009838942,-0.0270240560352306,-0.8747577666974833,0.6995597982115765,0.2776933902315845,-0.7083320905218893,-0.7131524939876354,-0.5047574791323071,-0.842210524419359,1.173785770376978,-1.2566271310365602,0.168021420522156,-758.92707746,-784.0712615,0.6272869042410422,0.4309990123545412,-0.6274494966332984,0.43083641996228494,-270.44816785,-277.09144089,-0.353183439020824,-0.04589202974557034,-0.0177584559395202,-0.4168339247059145,-302.83730281,-315.61271941,0.7827367917469857,0.35724888148971523,-0.343456652062463,0.7965290211742379,-501.35980066,-520.31344676,-0.3951070727038199,-0.4574793181700258,0.5939524813822936,-0.25863390949155207,-646.13557214,-668.9132871200001,-0.3086485152846502,-0.45136012022078326,0.6401755958220015,-0.11983303968343195,-726.87455091,-751.2536025100001,-0.5303243267670666,-0.4385397401106666,0.6370538672680304,-0.3318101996097029
29,-0.3393747148742351,-0.3319953848102159,-0.3265757582177026,-0.2352223761444291,2.270666747156977,0.8993211394011698,0.1779980311353113,-1.0023930174697735,0.4940537296404043,0.4879265205500808,-0.7462353645843032,-0.7244677601878188,-0.3101997722345284,-0.4811600244889186,1.0676256121522971,1.4860994380473944,-0.2858890079694104,-726.1347539999999,-741.00950982,3.901473783865737,1.1008953199980973,-0.8259649564613684,4.176404147402466,-315.72219024000003,-317.67357058,0.8183638445330492,0.12937850080906027,0.0252746277419183,0.9730169730840277,-342.69710005,-346.46511219,-3.241720186231244,-0.8642004130441194,0.6123955014792878,-3.493525097796076,-512.12809411,-521.84124891,-4.0108628960057535,-1.1976012476347588,0.7889791876305153,-4.419484956009997,-633.48572182,-646.4793238,-3.9333259276297854,-1.1752505806629083,0.8400472550550825,-4.268529253237611,-699.7719254,-713.9549786,-3.8955264860904353,-1.1181153962497106,0.8335328385894363,-4.18010904375071
30,-0.3281199165539515,-0.3377968376039782,-0.3398982451652561,-0.2096640980382431,2.3899734713436813,0.9174454963930324,0.0396753450802543,-1.0579336965608128,0.9796541962292992,0.339716485214815,-0.77604130425937,-0.7240459214783384,-0.4373263029479936,-0.7400793639845673,0.8321833569145188,-0.5934550445331257,0.3575631741013048,-263.74396461000003,-261.8103033,-4.957758811339951,-0.9196216605647354,0.3840244681327724,-5.493356003771914,31.18443373,36.60873082,-1.2579789336615692,-0.14844055555781394,-0.0649987026067128,-1.4714181918260958,46.2805378,54.66297331,-6.742284380069991,-0.9118815880380924,0.5392297665158816,-7.114936201592202,-117.64912969,-114.17547104,-7.82860710215942,-1.2871783922378153,0.6084808729770013,-8.507304621420234,-199.51942599,-197.39611532,6.489040629741468,1.1382998802546054,-0.5035173034614195,7.123823206534654,-244.28705179,-242.33855501,-5.367665848870774,-0.9690949593211885,0.4168413267661437,-5.919919481425819
31,-0.3393066998127697,-0.3489446062848982,-0.3427885053665089,-0.2533415880722696,2.32829644448242,0.8328548643219298,0.043022734367732,-1.1967513747323075,0.9821289699345082,0.2696037898952335,-0.8697040403709086,-0.7453581546529798,-0.5964214175348563,-0.6099842604976398,0.9551890954234604,-1.7539321499245792,-0.2140367231458916,-730.75252957,-736.40264628,-7.746193817213233,-1.1440155307530346,0.9541651220858248,-7.936044225880443,-347.07135544,-340.3144792,2.543169614079516,0.2609730954901801,-0.0159815040902473,2.7881612054794487,-375.5422701,-374.68625935,5.083366104179762,0.8498201416347856,-0.3365296750170345,5.5966565707975136,-521.6900021600001,-524.43354191,-7.981171324262392,-1.2544930032434216,0.8421985355797912,-8.39346579192602,-637.24345364,-641.79854235,8.219061761778558,1.2553933684750278,-0.9450563331696622,8.529398797083925,-703.4952098699999,-708.80175355,7.978403081630068,1.1918244394668396,-0.9544937031247256,8.215733817972183
32,-0.3482819542464376,-0.3248674915046963,-0.3412691036714806,-0.2245348869477372,2.748716428289471,0.6594803333135308,0.0905488840504543,-0.9347433901201824,0.6800633604674033,0.4793937997278569,-0.984999522813226,-0.7071552481565093,-0.4777207364722929,-0.6417233412546348,1.1589680719178272,-0.5720790346143421,0.2832527362828212,-465.98723897,-468.96504308,0.7475466147525088,0.36279150439182095,-0.2794849342307761,0.8308531849135536,-139.43458707,-137.602097,-0.4151552852725328,-0.08981991927034627,0.0017460164620365,-0.5032291880808425,-170.76299623,-169.98875335000002,0.5181471587592852,0.29969140587511306,-0.0875737573325503,0.7302648073018478,-303.09838046,-305.77575117000004,0.7725381684679276,0.4235499606095423,-0.2503940680897311,0.9456940609877388,-394.33015277,-397.55986719,0.7443342098875034,0.3941823721543715,-0.2696378572215928,0.8688787248202823,-445.21091773,-448.27196307,-0.7424896894356925,-0.37060407865139466,0.2724154488322075,-0.8406783192548797
33,-0.350048129992016,-0.3548024401699621,-0.3255975385342506,-0.2509023535510257,2.763749070569806,0.5586174743438247,-0.0748665146755656,-0.9727932684859288,0.7692796321053996,0.4463732155689529,-0.8763523577285866,-0.727288677154662,-0.5137107691792795,-0.6970397290759556,1.002436802451926,-1.6879104005293644,-0.3875632120661323,-513.7146635299999,-524.66210512,-0.3541579242123706,0.054458367352274224,-0.1272671508593253,-0.4269667077194217,-194.83395816,-198.05896054,0.1854553640693904,-0.0037582328273341186,-0.0115213932460568,0.17017573799599947,-208.9432017,-217.040605,0.1916015323967998,-0.001312546102437597,0.0246389762365895,0.21492796253095173,-351.12107810000003,-361.65662368,-0.391970224545665,0.0617203535920651,-0.1233184509291288,-0.4535683218827287,-441.27776151,-452.55082764,0.3949568246383451,-0.0677275997098928,0.1370173450503354,0.46424656997878766,-492.23309791,-503.31890631,-0.3585505707016954,0.06063720558825346,-0.1295281595323793,-0.4274415246458212
35,-0.3397383556143371,-0.3511041671162015,-0.3477218973042076,-0.2441443602268331,2.6402669573316677,1.1741600869936264,-0.0777818986984997,-1.0446141250369854,0.9570203119012346,0.2370410439433602,-0.917883417597662,-0.7526080429673482,-0.4287763749737004,-0.7064289429693098,1.1111167174298011,-0.3743467063030585,0.6400336078383364,-895.98900223,-900.90969523,-3.518747584824658,-0.5552252842080077,0.7735731698912832,-3.3003996991413826,-496.36268489,-487.17536702,-2.1144725841026464,-0.21131637667460165,0.06956165243224,-2.256227308345008,-510.52532232,-508.90350899,2.493125807871789,0.5225564236315162,-0.214368306356934,2.8013139251463715,-666.29459662,-668.39625845,-3.4425926796707453,-0.6047833311630342,0.5877146274970328,-3.459661383336747,-791.06732298,-794.6959343399999,3.604527627159072,0.6087498229230226,-0.7211825587556228,3.492094891326471,-864.07270741,-868.58236593,-3.5701620718328373,-0.579790447567127,0.7588291707200004,-3.3911233486799643
37,-0.3588133858416398,-0.3478024377763559,-0.3438585558643519,-0.232170307076298,2.307054145958592,0.5739762143702898,0.0998945054334051,-1.209282983660077,0.7352573913505823,0.5154404407959199,-0.8182818700298418,-0.7337151279389577,-0.3785383256961378,-0.8727673973359589,0.944324685656262,-1.7091953240684734,-0.0848765433449424,-950.15447728,-959.92657136,-12.107836569705691,-1.9909894333040323,1.2870847251394937,-12.81174127787023,-643.1919455899999,-639.14616498,4.31426458845865,0.5491946108570953,-0.1025074005528125,4.7609517987629335,-611.75889584,-616.01475691,9.236688129306604,2.0430780701906555,-0.4089471971080342,10.870819002389226,-762.89676846,-769.4540499,9.535305590446068,1.7291739766089733,-0.7484524259653124,10.516027141089728,-871.2332830500001,-879.17002516,-11.635204330065646,-1.9866932011424638,1.0961408281768452,-12.525756703031265,-927.16367142,-936.46131869,-12.085216313944548,-2.0119477446278533,1.2269207119384304,-12.870243346633972
42,-0.3424494897108631,-0.3410840247832108,-0.3353154004121755,-0.2408519420643672,2.363306323211264,0.8886865893959821,-0.0911639915997837,-0.866215494729709,1.0278055612774946,0.4130928699342743,-0.7487003571022068,-0.7377795951221193,-0.1839669570351936,-0.6180760795016214,1.0779173414739476,-1.0078851218217586,-0.0225101229655412,-855.32389668,-864.39026789,8.110887242703246,1.1783648143421277,-0.7649466099567801,8.524305447088594,-533.46370431,-531.54654387,-3.0257150888811384,-0.3473605675407696,0.015928780974199,-3.357146875447709,-555.45813678,-558.9436432800001,-5.7124759358667765,-0.9526489575607376,0.2833878948959193,-6.381736998531594,-688.85207897,-695.53276742,8.194296688592225,1.2661846969904205,-0.6509280202172619,8.809553365365383,-783.7583580999999,-792.18813409,-8.363112732142538,-1.2557672996103502,0.7286659886336406,-8.890214043119247,-834.94549603,-843.8059089799999,-8.215839142438247,-1.2070946342260394,0.75121617178528,-8.671717604879007
43,-0.3334496623647884,-0.3272150429714338,-0.3495794431792915,-0.256064326676278,2.481896072181431,1.4537225411828965,0.095074262917797,-1.2711515396287922,0.9394710168092326,0.2485577716777023,-0.7803665264741,-0.7197471739586082,-0.2852764207558231,-0.6040501536734952,1.205343637203248,1.0742626042207066,0.2090812346114661,-939.07323879,-940.0407028,2.55021658596635,0.7159840347093677,-0.6830553432859291,2.5831452773897885,-539.95861102,-529.48205315,1.0459960535675292,0.173520360287399,-0.0076878728373339,1.2118285410175942,-564.30381717,-560.35879626,2.0645353649348634,0.597369759020757,-0.2069880227739083,2.454917101181712,-716.15514567,-714.77839594,-3.064114994077797,-0.8900957580980211,0.6170088351496078,-3.3372019170262104,-838.0445325999999,-838.24008456,2.838299829876507,0.8283977041521101,-0.6847068154733995,2.9819907185552177,-908.87722253,-909.53343718,2.659962955012574,0.7572817734147846,-0.6872394631243463,2.7300052653030122
50,-0.3231243789335093,-0.3444236996583136,-0.3368342794455957,-0.2518859318881892,2.568660158242112,0.6470369642656884,-0.1301180174812798,-1.1701844249294904,0.5307249807806399,0.2152844384736036,-0.7295761891787771,-0.7179225221338855,-0.2458849318554832,-0.6275785517611909,0.915614803419367,-0.0058371835568549,-0.1765724564571243,-1259.54517886,-1275.63710336,-0.428074235775571,-0.20818733491081437,0.8935551856353389,0.2572936149489534,-730.63889722,-724.1036643,-0.1945143774569246,-0.0036354487562110485,0.0002661884373599,-0.19788363777577575,-724.02328279,-731.46598714,0.3631545330010559,-0.07878739173139655,0.077386822436071,0.3617539637057303,-926.88756429,-936.51972329,-1.1360224519895,0.09068545433364009,-0.3847191363470081,-1.430056134002868,-1103.86005924,-1117.05388716,0.5346041279542176,-0.16145431035685245,0.7245069415667311,1.0976567591640962,-1210.67116562,-1225.91971028,-0.0461090010002365,-0.19117854171877188,0.8398872738172092,0.6025997310982008
51,-0.3335520663961668,-0.3278072686818217,-0.3489595099923857,-0.2135960960871377,2.711130272606053,0.9986881012193394,0.1719989038644211,-1.322622892571798,0.7984490457577655,0.2282980641300192,-0.9226155334344708,-0.7472902583781306,-0.7109383542863426,-0.5924089403304755,0.9481937972556418,-0.9647602240514618,0.2746896762518905,-180.42389055,-178.74761537,0.667220814111849,0.33969126746827344,-0.1332339100497835,0.873678171530339,140.83909946,145.82673669,-0.7156583744419347,-0.11940108251749817,-0.0139430461822176,-0.8490025031416505,180.9454749,191.74207988,1.3369667183373593,0.4820906458242502,-0.3328391085104868,1.4862182556511225,0.6006300900000001,5.23131914,1.3187495748448474,0.5018670462240636,-0.2513273193295418,1.5692893017393694,-98.58938984,-96.12111669,-1.0121604452546642,-0.44192123287008284,0.2061202070437372,-1.2479614710810099,-155.49353211,-153.64542106,0.7540666648259057,0.36666370716647734,-0.1546398823381384,0.9660904896542447
52,-0.3524625194804018,-0.3382703262167482,-0.3454983233036209,-0.2635531428016128,2.345371771631677,0.96249843319924,-0.0129449959839302,-1.3098594796410663,0.6317246635702253,0.6189810710709398,-0.8664461021895693,-0.7283245127899957,-0.3028464383442034,-0.8582084946854635,0.8852856885875336,1.7717318297732627,-0.3959401571461067,-1104.88872288,-1107.98737814,-3.801506778456989,-0.7605700901012429,1.8150372290623549,-2.7470396394958767,-745.00791166,-737.06216435,0.0950506267361917,0.015799092139425444,-0.0133063323418554,0.09754338653376175,-744.8996452199999,-746.04721896,0.5926808369032452,0.2626987122557093,-0.0996627365284947,0.7557168126304599,-898.17769305,-898.580176,-2.091635385705506,-0.5544440459427696,0.8808391536277269,-1.7652402780205487,-1016.05814119,-1018.1597568,-3.0758375907893267,-0.6711063399970978,1.3979792906831898,-2.348964640103235,-1078.55250722,-1081.41623639,3.5747884181337013,0.7338449607768146,-1.6664920884994423,2.6421412904110735
55,-0.3432409306345015,-0.3230356738391033,-0.3324738799113298,-0.2705565764558439,2.374632343444077,1.2563477880365006,0.0792965175576505,-1.0740195250260491,0.9695604968276734,0.5993194254950811,-0.8889738535349581,-0.7109243693814343,-0.1786419687036415,-0.7194491423789675,1.161607022558284,1.5601179583829652,0.0919790244535045,-1082.94187449,-1089.1000211,-4.335318018993759,-0.8766518851039479,0.8940769059810049,-4.317892998116702,-771.52575227,-766.4302327,-2.3150834261391977,-0.397090408985189,0.0700920606721089,-2.6420817744522775,-772.13616187,-774.6618567600001,-1.779833554557869,-0.48442501340131394,0.1427710277046542,-2.1214875402545283,-912.74765196,-917.05412812,-3.5361279253963387,-0.8060799277542039,0.5874313765617409,-3.7547764765888014,-1010.822208,-1016.54455768,-4.041948166355303,-0.8543057776471242,0.7574111787733959,-4.1388427652290325,-1062.47621715,-1068.62038369,-4.237829924517301,-0.8677729651922541,0.8380808580131026,-4.267522031696452
56,-0.341170878270949,-0.3433186382038765,-0.3480059784972217,-0.2115477628806744,2.4465635092943057,1.2525914994486658,0.1610272237299573,-1.0091847728780177,0.8322045517589547,0.526720553555188,-0.7684552631508038,-0.7556941105336239,-0.2239377225104502,-0.4062485382046198,1.0412671084857137,-0.8416898007713696,0.7133368422147623,-1041.66435984,-1054.05298761,13.678340162517197,2.2791260513648552,-0.7599423762526203,15.197523837629431,-653.74454158,-644.31968168,-6.406919318655875,-0.8098479193640472,0.1365374888851576,-7.080229749134765,-626.1451573100001,-627.39170131,15.824530261688526,3.3400284642205955,-0.4993330117960102,18.66522571411311,-813.71864434,-820.5498528999999,12.896113278137234,2.275300482906895,-0.6401004038506499,14.53131335719348,-945.47507469,-954.84744417,-13.91331594235802,-2.37275508188029,0.737497535701871,-15.548573488536439,-1013.57099973,-1025.00781148,-13.881858735588263,-2.330420983599723,0.7570636118271401,-15.455216107360846
57,-0.3570090036786045,-0.3522065927150047,-0.351085012498858,-0.2424671535085495,2.6617541831916025,1.3302832359857282,-0.0083066704913428,-1.273892542999097,0.918794470041493,0.2433326266553609,-0.9345451286765716,-0.6980546574315976,-0.4901636858121795,-0.8236787000158621,0.8500501081795375,0.6851219702000308,-0.4485129790034055,-501.96536004,-503.8807213,-0.1516798511070943,-0.09281926490068454,0.1076690349176022,-0.13683008109017664,-132.10691189,-128.40049731,-0.3152611349322119,-0.05006863508169124,0.0036807887465053,-0.36164898126739786,-125.23422355,-117.91695956,0.0613240042202307,0.006562783588596502,-0.0324910313355561,0.0353957564732711,-295.27973401,-295.20328775,0.4633507034006945,0.15239604429424608,-0.1391977020823017,0.47654904561263883,-403.22349367,-404.69675807,-0.3080378810015146,-0.1346069609476756,0.1341137642243533,-0.3085310777248369,-470.80014316,-472.67741215,-0.1859909280973062,-0.10298217890285226,0.1127820912814432,-0.17619101571871523
59,-0.3308559897616138,-0.3534626910902497,-0.3530154642507873,-0.262223036067436,2.6409465101419065,0.5131163721320409,0.0734812454983888,-1.174973798711715,0.8226552695728656,0.5761447201664142,-0.7661539626651076,-0.7218895330524774,-0.4679953116918288,-0.8491672900524143,1.011244937503791,-0.9216344567788018,-0.3184630439490191,-616.1849217399999,-616.76235143,-0.0251460471499709,0.07905400911885437,-0.1699251038164238,-0.11601714184754035,-353.41624564,-348.06196807000003,0.1760506961791695,-0.012853999360173663,-0.0347492787426707,0.12844741807632512,-374.46640474,-370.45444732,0.0756432129963199,-0.003849511529447083,0.0210858439495274,0.09287954541640023,-489.14140786,-488.82335314,-0.0725396521097721,0.09342830129648316,-0.1567284607971032,-0.13583981161039216,-563.3287863200001,-563.7955243700001,-0.0438532992866,0.09545747033651708,-0.1802672177201238,-0.12866304667020673,-601.57648038,-602.06462708,-0.0298061609393663,0.08187440673570054,-0.1703172580864994,-0.11824901229016516
61,-0.3565299998895633,-0.3379457999325737,-0.3249769004698815,-0.2652262835803191,2.7940609681638446,1.31085936212626,0.0308005069433282,-0.9169097918568146,0.7206557418280266,0.5945470548799048,-0.9129572617817916,-0.7098516550184417,-0.66050195831894,-0.5175554229672459,1.1964579942067153,-1.0731269904518852,-0.2355302819755438,-430.72490841,-444.12686978,1.5744688525668116,-0.2688548673881137,0.1648865174030075,1.4705005025817053,-79.32162245,-81.59271663,0.065195358908881,-0.04070849391708352,-0.026073480349842,-0.0015866153580445241,-62.631004180000005,-72.18912940000001,0.9873423938606374,-0.09314584477782757,0.0615689564330887,0.9557655055158985,-255.93186388,-268.37326313,1.53444415951117,-0.3019857220380561,0.1783336895883191,1.410792127061433,-357.48461497,-371.25239201,1.7087370599790612,-0.2918443177153256,0.1806084212405307,1.5975011635042664,-409.81633527,-423.31776894,1.623632257885434,-0.2725074977165186,0.1692377057930562,1.5203624659619717
64,-0.3262230694504427,-0.3242878425570172,-0.3214103180428337,-0.2297370385961114,2.2295788527292557,1.0505929628607813,0.1164562470425493,-1.1128691683981116,0.5415249223879401,0.2961978968870487,-0.7515467166152359,-0.74604568413706,-0.4727946879626277,-0.4386717166025388,0.9679037448343808,-1.3737665015149445,-0.1295193277064252,-756.10186141,-780.53458282,-6.972562332348412,-1.9476161988281044,1.0412451997771328,-7.8789333313993835,-230.7483935,-238.34826207,1.7861211672651864,0.16213045850959493,0.0534242614017259,2.001675887176507,-248.70360821,-253.89787913,5.180154979800246,1.4149730731748216,-0.4976707928180904,6.097457260156977,-449.39790094,-463.4060881,6.76400040631856,2.029723674414123,-0.982486948558184,7.8112371321745,-613.2094553,-632.65236137,-6.867151837042802,-2.050805734186777,1.0611603228080533,-7.856797248421525,-712.32249012,-734.8959446700001,-6.955305004683491,-1.9878682214682828,1.0526331157804547,-7.89054011037132
67,-0.3553640403358712,-0.34897939513259,-0.3418023147435601,-0.2229780156124866,2.430653177454412,1.1504117673161856,-0.0005750240089596,-1.1479207929948283,0.6770478979890562,0.3933557992873193,-0.7015826049495795,-0.7349341042669555,-0.2725824781976428,-0.4273450885342146,0.8753934417038925,0.755461334541246,0.653381239133149,-1112.60242853,-1136.48258118,9.201921025975103,1.6858713437112383,-1.045110961970007,9.842681407716334,-676.66720037,-679.52852837,3.457054674796129,0.4020109698312741,-0.0574382143187218,3.8016274303086814,-657.83856656,-668.17253735,7.125365184501783,1.4678957884681656,-0.3296350379190589,8.26362593505089,-855.5795872,-871.5458844,-9.04719562458536,-1.7715403145490058,0.8254507868739458,-9.99328515226042,-1000.24979527,-1020.29849495,-9.427285245566551,-1.7797520354739502,0.991012568921286,-10.216024712119216,-1079.55249638,-1102.21316387,-9.361522825924704,-1.7339786514844937,1.03281431021242,-10.062687167196778
68,-0.3319714709931611,-0.3252467981138469,-0.3457619502674915,-0.2435607926263434,2.5333606695067137,0.4568220944975504,0.1805855898799197,-0.8988238002275233,0.9453558808975904,0.2807225115634654,-0.8627199907611255,-0.7023776313100664,-0.4255554408350398,-0.5260947377813388,0.9381615788383928,-0.8607539542220726,0.5421932689431082,-821.9050547100001,-828.17520606,-5.584485766380165,-1.21070900541933,0.9261694617469778,-5.869025310052516,-407.46612056,-400.5746494,1.4378151293075423,0.2395102802634896,-0.0054118250958918,1.67191358447514,-434.16553018,-434.7562409,3.972078261342857,1.031587436614795,-0.2811654052347346,4.722500292722918,-599.39658796,-602.46818781,5.899663787633713,1.4188227338987054,-0.7875655730517821,6.530920948480637,-724.1119621299999,-728.9994673399999,5.866434815494447,1.3353154375570113,-0.8954281390342914,6.306322114017167,-793.24707207,-799.06436288,5.6982141298634765,1.2555279851132835,-0.9157666052496556,6.037975509727104
69,-0.3342827745997165,-0.3356754552045098,-0.3334823114743873,-0.256921744616913,2.281953682861291,1.0208883475381578,-0.0648993234023904,-1.200679533114594,0.9937020363841118,0.4937498764168363,-0.6948436352305885,-0.7084326872777463,-0.6014070646531023,-1.0227287042294668,1.1993652479233077,0.2133454934177854,0.5371632742576822,-347.01856881,-351.49488644,4.594045839711858,0.9709173355258959,-0.4556861063511362,5.109277068886618,-63.24384765,-62.47430444,-0.8317770955926553,-0.11319506443227906,-0.0676070912570744,-1.0125792512820087,-71.30417307,-71.18496667000001,-5.1960205772628205,-0.9563618793311863,0.481083677731434,-5.671298778862573,-220.21074535,-223.91704107,5.787640323227679,1.1956207183078547,-0.5628942334796334,6.420366808055901,-295.58992633,-300.21810045,5.263459627533142,1.1042046104132754,-0.5213072217666487,5.846357016179769,-332.99559320000003,-337.49726879,-4.791072565445598,-1.0055264864740536,0.4748594109875562,-5.321739640932095
71,-0.3510951709768077,-0.3340489422657128,-0.3531790737162967,-0.2607160238291033,2.27494605399563,1.2228735002402449,0.0719387976943462,-1.0689205778964548,0.5045747118555785,0.3718109438605719,-0.81227038383923,-0.7228062566453296,-0.5827829239849202,-0.665230919960951,1.031266906207041,0.3293119601080245,0.008642735248547,-1111.07660492,-1144.60344134,6.293876358602474,2.4216555905376036,-1.309122077526729,7.406409871613349,-489.90012925,-494.14581410000005,1.7559080265860711,0.24685810142059117,0.016442494521701,2.0192086225283634,-469.87505905,-474.1746781,4.220985510713374,1.6424889267724458,-0.5174693728628268,5.346005064622992,-709.27210444,-725.65856732,4.873579379784462,2.2291959544135387,-1.0601134273236106,6.04266190687439,-916.70394268,-941.81316626,5.412256166436248,2.3519834087880773,-1.2187381636810573,6.545501411543268,-1047.45895447,-1077.8270029,-5.970765628982093,-2.3852799730325334,1.2712590161719832,-7.084786585842643
75,-0.3541529172974721,-0.3366985253744193,-0.3508448337574905,-0.2323164475439602,2.499140810460198,0.9738524321020664,0.0765526992983222,-1.3060075744863695,0.8629918089502069,0.610246818874308,-0.733684195184996,-0.7144534353762557,-0.1718457990012224,-0.5353685677992993,1.06299832596773,1.204680284328427,0.0332321764547391,-850.47512225,-851.4661885500001,3.8775050123468175,0.8398692470802831,-0.5564139583583091,4.1609603010687914,-617.48282633,-612.98213653,1.103871485260119,0.19583509621510825,0.0518893178045394,1.3515958992797668,-625.97650939,-626.54505413,3.062527521703365,0.7342497634352684,-0.1622935852874342,3.6344836998511996,-730.80157899,-731.11719878,-3.893184823794897,-0.8793302829097733,0.4155094884184623,-4.357005618286208,-801.3845108,-802.45064214,-3.929010586129344,-0.8645049200763693,0.4950087897397416,-4.298506716465972,-837.20118259,-838.2632648,3.8787713142477314,0.8434681052874268,-0.5292767304425852,4.192962689092573
77,-0.3243798267521397,-0.3455505587020052,-0.3358184907445189,-0.2128108084143894,2.5912388070905203,0.7620060941360979,-0.0205711595551819,-1.1505634640925877,0.8788005852701597,0.5916817958757348,-0.9602141238691824,-0.7535050302422615,-0.3974144223664852,-0.5560764487053707,1.102262882593483,0.4314092165349363,0.3906083944504533,-468.25877190000006,-463.80824784,-1.5737329912334814,-0.12737664145212646,0.2821090660083364,-1.4190005666772714,-222.30124512,-213.98557011,0.4064160995031734,0.027719781341056977,0.0283723479952136,0.462508228839444,-247.34187918,-239.65502671,1.1699179435125804,0.11325634865144678,-0.0868928908855597,1.1962814012784675,-345.54242577,-340.85569213,1.6899932076642514,0.1481457908218161,-0.2429420361171601,1.5951969623689073,-415.29723564000005,-410.89108487,-1.648138303621999,-0.1392474476832067,0.2663553280897005,-1.521030423215505,-453.09804224,-448.62947123,-1.5938972501572004,-0.13027538700054783,0.2741802559282675,-1.4499923812294806
83,-0.3372596925412783,-0.3396684697178491,-0.3376751724149602,-0.2097477291423646,2.505085147842797,1.0967324671883003,0.0980595792865134,-1.1919022247261637,0.8994948411882713,0.4426329304497371,-0.8966376619561762,-0.740457964540088,-0.2691865814394312,-0.8166136288875177,0.9747124791097418,-0.7371743608561672,0.0861361531177213,-486.85790558,-484.1659024000001,-2.179729531608646,-0.34599805924881233,0.2783888212738321,-2.247338769583626,-215.37465568,-208.06850317,-1.3911639169954015,-0.14154530230743737,-0.0413281900964175,-1.5740374093992564,-239.94723216,-231.79648193000003,2.433941239039005,0.34959868016118406,-0.1437167646351728,2.639823154565016,-345.66796934,-342.18301723,-2.852080355642209,-0.4435286458036574,0.286209726625849,-3.0093992748200176,-422.21748391,-419.40087882,2.497982759919578,0.3952673353984921,-0.2835394095525511,2.609710685765519,-467.27101848,-464.50127017,2.267802732907702,0.35843243415915876,-0.2763834073249592,2.349851759741902
86,-0.3452965476365052,-0.3263882397693696,-0.3373270964473737,-0.2671816230581495,2.197708705687826,1.459562171959771,0.0552528315838415,-0.9138003861885418,0.5964286512031353,0.3148274267635026,-0.906968006345479,-0.7494725120923822,-0.2547419464533549,-1.0106199763477577,1.130108484370569,1.3868025530498247,-0.3012888867825507,-1147.94346935,-1163.34291476,3.3833585429807744,0.8439308492272987,-1.0555116900892252,3.171777702118848,-602.51715963,-597.91044957,1.6773134972052532,0.2587628010151054,-0.086547140012695,1.8495291582076636,-627.9091983200001,-628.5285313300001,2.54122201132258,0.8780956706944935,-0.5220899815445181,2.8972277004725555,-832.76359057,-840.9110951800001,-3.0275379510164826,-0.9275461853614495,0.9146365427379368,-3.0404475936399953,-1002.98601702,-1015.49434037,-3.1958472175591024,-0.8982843118914966,1.0047007016201064,-3.0894308278304923,-1103.76712884,-1118.20155459,-3.341464907527337,-0.868726248770998,1.042781992529204,-3.1674091637691313
93,-0.3221123390359522,-0.3447502722530102,-0.3227812494787719,-0.2477741154710114,2.243558756885109,1.2701451256200085,0.0376039661161711,-0.9216500857894628,0.8286812073029932,0.3222931780238516,-0.8281475627716265,-0.7288407778506029,-0.2933718674529689,-0.7736722187802902,0.8418443127007169,-1.1236097478734508,0.4970598619293545,-1174.03528272,-1198.52356735,9.597255788091308,1.0667459960233303,-1.0762248148422464,9.587776969272392,-697.82749167,-698.0309820499999,-2.211089556413408,-0.12419324326094047,0.1473678473795866,-2.187914952294762,-629.39527613,-633.63680083,-6.0595424624521455,-1.2006263800077195,0.4249432811690158,-6.835225561290849,-852.91499342,-866.67691146,-7.382689278981069,-0.8400152833944683,0.7804320934219322,-7.442272468953606,-1028.99600396,-1048.06818983,8.910390957565614,0.9755482689838658,-0.974197626421611,8.911741600127868,-1129.08462022,-1151.76219873,-9.502082629478188,-1.0518155592362761,1.0519651326657848,-9.50193305604868
94,-0.3421705176788571,-0.342184439237879,-0.3381972962398767,-0.2265928508217241,2.300736263248157,1.2889197254142195,0.0128571175381115,-1.040699840356175,0.7767489968749214,0.5665829769709967,-0.991724098146743,-0.7444819113860214,-0.3445863610602953,-0.8076042803898363,1.0702631250151122,-1.2781273892505194,0.1846189835918172,-1023.23396742,-1035.76587551,-13.263273348240125,-2.0154035481210175,0.9077941234867308,-14.370882772874412,-681.43164368,-674.45092816,1.6172279944479464,0.15793908511889465,0.0043273946498208,1.7794944742166618,-572.1379425499999,-569.88019635,-7.715029636014264,-1.416752803875169,0.3118945193508884,-8.819887920538545,-767.15664905,-770.6810311,-9.71342326084316,-1.589442429105156,0.6491690930682843,-10.653696596880032,-911.85588318,-919.79071451,-12.29708317354678,-1.9333348244033628,0.7799374438801628,-13.450480554069978,-988.27442703,-999.29625681,-13.16084875437089,-2.0234430876815575,0.873338895855645,-14.310952946196805
97,-0.3368117736222604,-0.3528773333325934,-0.3198873235396882,-0.2283813560492456,2.471745007610997,1.3421739024158648,0.0510584972379179,-1.1029093866524249,0.616299673002555,0.3623292552195325,-0.754048872255237,-0.699916772617455,-0.6972293778038527,-0.4009843085185863,0.9842726607999776,-1.4849233384431422,0.0765662891965811,-331.28591987000004,-344.82411183,-1.330745594957106,-0.5987995497239865,0.3671889361132978,-1.5623562085677947,80.71561242,79.51469335,0.6343526334607931,0.06360214846247697,0.0582157061561042,0.7561704880793743,97.55520458,89.0032653,-2.1219365551517413,-0.38959089402428426,0.3592329287515794,-2.152294520424446,-121.62720635,-133.33559708,2.677674400628123,0.7122623039882844,-0.5233152607839808,2.8666214438324262,-242.37294852,-255.98111262,-1.8782450744667647,-0.6946861328581749,0.4664559292703388,-2.1064752780546008,-305.76597438,-319.41190632,-1.444634789225917,-0.6201800648159924,0.3989491317762124,-1.665865722265697
